url,domain,degree,detect_date,type,report_date,report_hour,app_web_threat_info
http://xz.xmznk.cn/guaiguai/qrxs_1985779/%E5%85%BD%E6%80%A7%E6%80%BB%E8%A3%81%E5%88%AB%E4%B9%B1%E6%9D%A534423.apk,xz.xmznk.cn,0.58,2017050504,reported,20170505,2017050504
http://xovmt.xzhk.q983.cn/h12/xxy/syzhyb.apk,xovmt.xzhk.q983.cn,0.58,2017050504,reported,20170505,2017050504
http://xgibx.ntrar.cn/app/fm003-y3hf-%E8%89%B2%E6%92%AD%E5%BD%B1%E9%99%A2-158.apk,xgibx.ntrar.cn,0.58,2017050504,reported,20170505,2017050504
http://wap.dfzq.com.cn/files/android320480/dfzq.apk,wap.dfzq.com.cn,0.58,2017050504,reported,20170505,2017050504
http://up.ttzx.tv/ztSy2w==.apk,up.ttzx.tv,0.58,2017050504,reported,20170505,2017050504
http://uenpay.cn:8080/jfjr/jfzf.apk,uenpay.cn:8080,0.58,2017050504,reported,20170505,2017050504
http://static.sf-financial.com/wealth/app/android/170409/Y-release-sypay-3327-170409.apk,static.sf-financial.com,0.58,2017050504,reported,20170505,2017050504
http://spapp.edo9.com/apk/xmm05.apk,spapp.edo9.com,0.58,2017050504,reported,20170505,2017050504
http://rwx.goden419.info/inf/cpupdate.php?a=1&uid=1778635730881640&version=00201003&product=1&channel=20007&flag1=eorhhileshh&flag2=diwhhlsileliisis,rwx.goden419.info,0.58,2017050504,reported,20170505,2017050504
http://n3m5o.qshengy.cn/app/sp008-je12-%E8%BF%B7%E6%83%85-124.apk,n3m5o.qshengy.cn,0.58,2017050504,reported,20170505,2017050504
http://lodo.tjfzzl.com/dock/app/tcly306/tcly_1705_2020.apk,lodo.tjfzzl.com,0.58,2017050504,reported,20170505,2017050504
http://file.youxi.easou.com/apk/atm.apk,file.youxi.easou.com,0.58,2017050504,reported,20170505,2017050504
http://dwn.play.cn/f/pkg/hf/000/004/075/015d48a6h3e30808/egame_8_0_4_0414_jiagu_sign.apk,dwn.play.cn,0.58,2017050504,reported,20170505,2017050504
http://download.differencef.com/KeyBoard/2017/04/ime_skin-com_newskin_tie_fk.apk,download.differencef.com,0.58,2017050504,reported,20170505,2017050504
http://dow.fklocker.com/md5_95293541434604211d0958bbdb75ff63.apk,dow.fklocker.com,0.58,2017050504,reported,20170505,2017050504
http://dl.carassist.cn/upgrade/CarControl.apk,dl.carassist.cn,0.58,2017050504,reported,20170505,2017050504
http://cootek-dialer-download.oss-cn-hangzhou.aliyuncs./SKIN_AD/SkinHappyRoosterYear.apk,cootek-dialer-download.oss-cn-hangzhou.aliyuncs.,0.58,2017050504,reported,20170505,2017050504
http://atta.adcocoa.com/c9/65/c965671356a0a78f0cd7173e73706c09.apk,atta.adcocoa.com,0.58,2017050504,reported,20170505,2017050504
http://9oyy8.jndfxsc.cn/app/dd010-zcrv-%E8%BF%B7%E6%83%85-126.apk,9oyy8.jndfxsc.cn,0.58,2017050504,reported,20170505,2017050504
http://61.182.139.139/f1.market.xiaomi.com/download/AppStore/0839595a197a24d1622bb7df1ecec870de333df46/\346\232\264\350\265\260\347\234\237\345\277\203\350\257\235\345\244\247\345\206\222\351\231\251_1.0.1_1000001.apk,61.182.139.139,0.58,2017050504,reported,20170505,2017050504
http://61.156.198.1/f3.market.xiaomi.com/download/AppStore/05dc45fbf5f3207b99eaa492fc2e8ec296f42641c/%E7%BE%8E%E6%8B%8D_6.0.0_6000.apk,61.156.198.1,0.58,2017050504,reported,20170505,2017050504
http://221.180.170.106/data/wisegame/45522f1189f9bbb1/yongbuyanqi2_999999.apk,221.180.170.106,0.58,2017050504,reported,20170505,2017050504
http://183.56.174.1/f4.market.xiaomi.com/download/AppStore/044da54329354b84d0955bcbc5cb00ea59d4182f0/%E7%99%BE%E5%BA%A6%E8%BE%93%E5%85%A5%E6%B3%95%E5%B0%8F%E7%B1%B3%E7%89%88_6.5.4.109_224.apk,183.56.174.1,0.58,2017050504,reported,20170505,2017050504
http://117.149.194.2/f4.market.mi-img.com/download/AppStore/0c8484564ecd74a6e383580a350f0b9297ef53c89/%E5%8D%A1%E7%89%9B%E4%BF%A1%E7%94%A8%E5%8D%A1%E7%AE%A1%E5%AE%B6_7.6.2_261.apk,117.149.194.2,0.58,2017050504,reported,20170505,2017050504
http://111.7.179.1/f5.market.xiaomi.com/download/AppStore/0a004d56c711b494b24c9a41cc3ed892dbdb05faa/%E5%B0%8F%E7%B1%B3%E7%94%9F%E6%B4%BB_4.0.729_729.apk,111.7.179.1,0.58,2017050504,reported,20170505,2017050504
http://111.26.224.20/dd.myapp.com/16891/4A02BC987C8C35FACAC3540C6C630B3B.apk?mkey=58ff2799f005ae80&f=4600&c=0&fsname=com.tencent.assistant.dy.cloud_1.4.8_48.plg&p=.ap111.26.224.20,0.58,2017050504,reported,20170505,2017050504
http://111.26.224.19:80/king.myapp.com/myapp/Kingroot/kds/xmoddaemon_1.1.3_c16_b118_98FB7325830F0932_105401.exe?mkey=590b29ecffaf4e2a&f=d588&c=0&p=.exe,111.26.224.19:80,0.58,2017050504,reported,20170505,2017050504
http://zt855.69zj.cn/app/615-b9la-%E8%BF%B7%E6%83%85-138.apk,zt855.69zj.cn,0.58,2017050506,reported,20170505,2017050506
http://xymj-10081262.cos.myqcloud.com/xiuyanmj/xyxiuyanmj.apk,xymj-10081262.cos.myqcloud.com,0.58,2017050506,reported,20170505,2017050506
http://www.aeepe.org/demo/AVplay2721-FK139.apk,www.aeepe.org,0.58,2017050506,reported,20170505,2017050506
http://webstat.kuwo.cn/logtjsj/commsj/commjstj/score/sign/mr_luck_draw.jpg??u=183635933&from=android&ver=8.4.6.2&source=kwplayer_ar_8.4.6.2_87test.apk,webstat.kuwo.c0.58,2017050506,reported,20170505,2017050506
http://uccmcc.com:8081/mb1/download/10086/0134_9c9ba@35z42z43z44/android/145/UCBrowser_V9.4.1.362_android_pf145.apk,uccmcc.com:8081,0.58,2017050506,reported,20170505,2017050506
http://sydata.kugou.com/pgame3/apk/9e/9eec8f36d33cc23367ccd3706b2abd9d.apk,sydata.kugou.com,0.58,2017050506,reported,20170505,2017050506
http://spapp.bowen2.com/apk/mm03.apk?b=bc03226a-4dfc-4c16-8b5e-4917baf43764.exe,spapp.bowen2.com,0.58,2017050506,reported,20170505,2017050506
http://silentdl.lianluo.com/upload/apk/f7ba4e13d0854066b234014af33ff5a9.apk,silentdl.lianluo.com,0.58,2017050506,reported,20170505,2017050506
http://sign.92.net/apks/sign/20161204145113/ZxlyAggV3.7.5905.apk,sign.92.net,0.58,2017050506,reported,20170505,2017050506
http://m4jd3.xz10.q983.cn/h10/sll/xdzz2.apk,m4jd3.xz10.q983.cn,0.58,2017050506,reported,20170505,2017050506
http://jslyht.cn/wo-101/%E7%B2%BE%E5%BD%A9%E5%A4%A7%E7%89%87339.apk,jslyht.cn,0.58,2017050506,reported,20170505,2017050506
http://jslyht.cn/new-101/%E7%B2%BE%E5%BD%A9%E5%A4%A7%E7%89%87278.apk,jslyht.cn,0.58,2017050506,reported,20170505,2017050506
http://fxrhy.erszc.cn/app/sex021-7tcd-%E8%BF%B7%E6%83%85-141.apk,fxrhy.erszc.cn,0.58,2017050506,reported,20170505,2017050506
http://file.zhangyangjing.com/app.apk,file.zhangyangjing.com,0.58,2017050506,reported,20170505,2017050506
http://dl.ddzbgs.com/fuke/app/tcly306/tcly_1705_25154.apk,dl.ddzbgs.com,0.58,2017050506,reported,20170505,2017050506
http://dl-ali.momocdn.com/game/packages/mm_dgty_ws28w4BY_yidian-cpc_AD6295_1493101152.apk,dl-ali.momocdn.com,0.58,2017050506,reported,20170505,2017050506
http://data.hainee.cn/android/apk/ca_shenbai_h2.apk,data.hainee.cn,0.58,2017050506,reported,20170505,2017050506
http://bos.box.bdimg.com/searchbox/aps/1491389308_patch_signed_7zip.apk,bos.box.bdimg.com,0.58,2017050506,reported,20170505,2017050506
http://37nwm.veqcy.cn/app/av025-f36a-%E8%BF%B7%E6%83%85-140.apk,37nwm.veqcy.cn,0.58,2017050506,reported,20170505,2017050506
http://218.203.12.171/appdl.hicloud.com/dl/appdl/application/apk/00/00c7838c1eb54d0cb4b7d20be1ddf722/com.example.myactivity.1507171114.apk?mkey=59041839e905ae80&f=2664&c=0&sign=c7ea1011e311210820008000@FF0FE899486F48B631DF4368F8E7F4C3&source=autoList&listId=detail_%E5%B7%A5%E5%85%B7&position=6&hcrId=4573FC740C6642F5846470140DD13E82&extendStr=detail%3A1%3B%3Btrace%3A%3Bpackage%7Ccom.utooo.android.knife.free%3Btag%7C%E5%B7%A5%E5%85%B7&encryptType=1&p=.apk,218.203.12.171,0.58,2017050506,reported,20170505,2017050506
http://218.203.12.169/appdl.hicloud.com/dl/appdl/application/apk/c2/c224131dbe514c0fa23c4e7724d2d26b/com.iqiyi.share.1507271752.apk?mkey=590347517005ae80&f=9f16&c=0&sign=c7ea1011e511210820008000@2D190E2B2BEE76919F83F9F4B8C4BADB&hcrId=B781B0DF656B4E5397F820C3CB484E06&extendStr=detail:1;&encryptType=1&p=.apk,218.203.12.169,0.58,2017050506,reported,20170505,2017050506
http://218.203.12.153/dd.myapp.com/16891/1EBEB927ED091070E995BCD6E0CEA2F1.apk?mkey=8c8c716c084bbbcf8c912f7d98db2bc4&fsname=com.tencent.tmgp.sgame_1.18.1.7_18010702.ap218.203.12.153,0.58,2017050506,reported,20170505,2017050506
http://121.40.27.172/rj_wapsms/upload/apply/2016/10/JiSuMOTO_mm_v1_3_300009718196_2328_160921.apk,121.40.27.172,0.58,2017050506,reported,20170505,2017050506
http://117.149.194.2/f8.market.xiaomi.com/download/AppStore/0097b46d756a59755ccdb9327d4a34d28be415df2/\345\207\244\345\207\260\346\226\260\351\227\273_5.5.4_252.apk,117.149.194.2,0.58,2017050506,reported,20170505,2017050506
http://111.7.179.65/i5.market.mi-img.com/download/AppStore/0082d35d525fd40c807efdc886477a9c99c2a54c6/com.xiaoao.doulong4.mi.apk,111.7.179.65,0.58,2017050506,reported,20170505,2017050506
http://111.7.179.65/f2.market.xiaomi.com/download/AppStore/0ca2840f18f968b7c902113e3059c29898e429024/%E7%8C%8E%E8%B1%B9%E6%B8%85%E7%90%86%E5%A4%A7%E5%B8%88_5.17.2_51721068.apk,111.7.179.65,0.58,2017050506,reported,20170505,2017050506
http://webstat.kuwo.cn/logtjsj/commsj/commjstj/score/sign/mr_luck_draw.jpg??u=143239344&from=android&ver=8.4.6.1&source=kwplayer_ar_8.4.6.1_87.apk,webstat.kuwo.c0.58,2017050508,reported,20170505,2017050508
http://us4cw.maonvl.com/htapp/play031-04sqj-%E6%B6%A9%E5%A6%B9var.apk,us4cw.maonvl.com,0.58,2017050508,reported,20170505,2017050508
http://update.idourl.com:30001/apk/com.ibox.calculators_574_1493283927.apk,update.idourl.com:30001,0.58,2017050508,reported,20170505,2017050508
http://sns.nepharm.com.cn:80/res/client/android/dongyao.apk,sns.nepharm.com.cn:80,0.58,2017050508,reported,20170505,2017050508
http://sjyb1.363pk.cn/app/sp017-b3uq-%E8%BF%B7%E6%83%85-138.apk,sjyb1.363pk.cn,0.58,2017050508,reported,20170505,2017050508
http://shuju.pipa.com/az/yingyong/appapk/fyb/2.1.1_a/fyb_2.1.1_a_waptop.apk,shuju.pipa.com,0.58,2017050508,reported,20170505,2017050508
http://shouji.360.cn/360safesis/360box_s3.sisx,shouji.360.cn,0.58,2017050508,reported,20170505,2017050508
http://mqdbv.ecpff.cn/app/zhou01-i7gz-%E8%89%B2%E6%92%AD%E5%BD%B1%E9%99%A2-153.apk,mqdbv.ecpff.cn,0.58,2017050508,reported,20170505,2017050508
http://mobilead.01lm.com/mb/Mob019.apk,mobilead.01lm.com,0.58,2017050508,reported,20170505,2017050508
http://lodo.tjfzzl.com/dock/app/tcly306/tcly_1705_69150.apk,lodo.tjfzzl.com,0.58,2017050508,reported,20170505,2017050508
http://k3d.dlfki.cn/apk2/z810008.apk,k3d.dlfki.cn,0.58,2017050508,reported,20170505,2017050508
http://img01.buy.lianwifi.com/download/one-wififeeds-23-release.apk,img01.buy.lianwifi.com,0.58,2017050508,reported,20170505,2017050508
http://fndxnfdhg.b0.upaiyun.com/hnddaxli/wxpp.apk,fndxnfdhg.b0.upaiyun.com,0.58,2017050508,reported,20170505,2017050508
http://download.2265.com/apk/sgdsd4ngpjb_2265.com.apk,download.2265.com,0.58,2017050508,reported,20170505,2017050508
http://down.tfspc.cn/bhb15bhbhb15bh0/Qvod%E6%89%8B%E6%9C%BA%E7%94%B5%E5%BD%B1_2_50063_bhb15bh.apk,down.tfspc.cn,0.58,2017050508,reported,20170505,2017050508
http://dl5.ztems.com/tmpfile/cst2009/2009001/appSoft/2016/9/19/20160919120802_542729b0a77c4993b034599243e9ae5c.apk,dl5.ztems.com,0.58,2017050508,reported,20170505,2017050508
http://cdn.browser.aliyun.com/download/bin/YunOSzhushou-3.6.0.6134.exe,cdn.browser.aliyun.com,0.58,2017050508,reported,20170505,2017050508
http://api.k780.com:88/?app=qr.get&level=L&size=5&data=http://www.chuangfu-dd.com/Member/app/shuangdi.apk,api.k780.com:88,0.58,2017050508,reported,20170505,2017050508
http://58.56.124.1/f7.market.xiaomi.com/download/AppStore/0fb3ee53ed40b421402e4ba7d53cf343267630991/%E7%A9%BF%E8%B6%8A%E7%81%AB%E7%BA%BF%EF%BC%9A%E6%9E%AA%E6%88%98%E7%8E%8B%E8%80%85_1.0.19.140_140.apk,58.56.124.1,0.58,2017050508,reported,20170505,2017050508
http://221.180.240.193/f7.market.xiaomi.com/download/AppStore/0a9be489c8df6bc3242fded94d491f7e7af41a326/%E9%98%B4%E9%98%B3%E5%B8%88_1.0.15_15.apk,221.180.240.190.58,2017050508,reported,20170505,2017050508
http://218.203.12.169/appdl.hicloud.com/dl/appdl/application/apk/65/658b3848998144ebab3dfdb8d74ba62d/cn.dooone.wifihelper_cn.1704281058.apk?mkey=59072575e205ae80&f=9e16&c=0&sign=c9ec1011e611010820008000@2A1A2ED4917665A7251E2BAEFE6A77A8&cno=4010001&source=search&subsource=wifi&listId=15&position=5&hcrId=AD2919A661314047B48859C0E5F1A5DB&extendStr=serviceType%3A0%3Bisshake%3A0%3Bs%3A1493630561171%3Btrace%3A1cb9d75a1107447d87d331218b025093%3BsearchApp%23wifi%3BlayoutId%3A806829&encryptType=1&net=2&p=.apk,218.203.12.169,0.58,2017050508,reported,20170505,2017050508
http://218.203.12.153/dd.myapp.com/16891/08AEEA27BBF649D4FBF18F200E726F62.apk?mkey=5907e4eb1305ae80&f=ac08&c=0&fsname=com.connector.tencent.assistant_5.0_5.plg&p=.apk218.203.12.153,0.58,2017050508,reported,20170505,2017050508
http://218.200.14.193/f6.market.xiaomi.com/download/AppStore/0cd59449c6865492c1245862d04ee8b85d155f421/%E7%86%8A%E5%87%BA%E6%B2%A1%E4%B9%8B%E4%B8%9B%E6%9E%97%E5%A4%A7%E6%88%982_5.1.3_513.apk,218.200.14.193,0.58,2017050508,reported,20170505,2017050508
http://124.133.240.105/dg/dgpush/soft/yypush.apk,124.133.240.105,0.58,2017050508,reported,20170505,2017050508
http://121.201.0.194/test/upload/open/58310/apk/20170116110044_813_2112.apk,121.201.0.194,0.58,2017050508,reported,20170505,2017050508
http://120.221.34.80:6510/f2.market.xiaomi.com/download/AppStore/03abca47938fa40c63ef2928043735dfba8900e06/%E9%85%B7%E6%88%91%E9%9F%B3%E4%B9%90_8.4.6.0_8460.apk,120.221.34.80:6510,0.58,2017050508,reported,20170505,2017050508
http://118.190.7.146:1112/apk/plat/dog2_1.0.48_huawei.apk,118.190.7.146:1112,0.58,2017050508,reported,20170505,2017050508
http://117.169.3.130/f7.market.xiaomi.com/download/AppStore/08db64c3661c98dfcf3650fca37ce584391436677/%E6%97%A0%E5%B0%BD%E7%9A%84%E5%9B%9E%E5%BB%8A_2.0.2_202.apk,117.169.3.130,0.58,2017050508,reported,20170505,2017050508
http://114.215.115.226:9007/Version/CycleOfPlant.apk,114.215.115.226:9007,0.58,2017050508,reported,20170505,2017050508
http://111.7.179.65/f6.market.xiaomi.com/download/AppStore/067221570c26845723105ebb668d25ed36f6b5f5b/%E5%85%8D%E8%B4%B9%E7%94%B5%E5%AD%90%E4%B9%A6_3.2.0_50.apk,111.7.179.65,0.58,2017050508,reported,20170505,2017050508
http://111.12.27.4/f8.market.xiaomi.com/download/AppStore/00796344a6a884ed108c6099ced54bee603321112/%E6%A4%8D%E7%89%A9%E5%A4%A7%E6%88%98%E5%83%B5%E5%B0%B82%E9%AB%98%E6%B8%85%E7%89%88_2.0.1_800.apk,111.12.27.4,0.58,2017050508,reported,20170505,2017050508
