url,,
,,
http://117.177.223.155/dd.myapp.com/16891/AD935FF9A4D820979728D1BFC8A3BDE3.apk?mkey=789e6690f7af0479b335dbf1ab9956b3&fsname=com.cfgame.dtddz_1.0_1.apk,,
,,
http://183.203.26.132/f7.market.xiaomi.com/download/AppChannel/0269c4dfb0acdcfd4d0ce2e402cad51a65e4150db/%E5%A4%A7%E5%AF%8C%E8%B1%AA3_1.1.5_20.apk,,
,,
http://111.62.249.23/dd.myapp.com/16891/C09C8736661E4DFC397BB3088314B926.apk?mkey=590a3ea6875aae80&f=178a&c=0&fsname=com.tencent.assistant.dy.cloud_1.1.6_16.plg&p=.ap,,
,,
http://`/rest/2.0/pcs/file?method=download&app_id=250528&path=%2F%E3%80%8A%E5%88%BA%E5%AE%A2%E4%BF%A1%E6%9D%A1%EF%BC%9A%E6%9E%AD%E9%9B%84%E3%80%8B%E5%85%8D%E5%AE%89%E8%A3%85%E4%B8%AD%E6%96%87%E7%A1%AC%E7%9B%98%E7%89%88%E4%B8%8B%E8%BD%BDV3%2FACS.CN.V3.part03.rar,,
,,
http:///zhushou/android/liulanqi/tuiguang/SogouMobileExplorer_highspeed_sgsearch_569923.apk,,
,,
http:///zhushou/android/liulanqi/tuiguang/SogouMobileExplorer_highspeed_sgsearch_569923.apk,,
,,
http://./cdn/ppsgame/20170310/upload/unite/game/20170310/yhjy_topcgfree20170313_2.apk,,
,,
http://webstat.kuwo.cn/logtjsj/commsj/commjstj/score/sign/mr_luck_draw.jpg??u=179009134&from=android&ver=8.4.6.2&source=kwplayer_ar_8.4.6.2_360test.apk,,
,,
http://webstat.kuwo.cn/logtjsj/commsj/commjstj/score/sign/mr_luck_draw.jpg??u=179009134&from=android&ver=8.4.6.2&source=kwplayer_ar_8.4.6.2_360test.apk,,
,,
http://183.203.26.129/f6.market.xiaomi.com/download/AppStore/0b7d15fb7871ac982f3a107720c2d58998b417649/\347\262\211\350\220\214\346\227\245\350\256\260_V1.0.0_100.apk,,
,,
http://dl.360safe.com/sev3/360se8.1.1.254.cab,,
,,
http:///remind/PresetAddrFile.zip,,
,,
http://www.sexecine.com/1001Sexe,20170504,2017050413
,,
http://down84.bizport.cn/popupservice/res//allAlgoSupp/1492740214980/PU02002002.zip,,
,,
http://bookapk.3gycw.com/0/3gbook_630.apk,,
,,
http://183.203.11.193/f7.market.xiaomi.com/download/AppStore/0ef4c47b6698c153867eba2120c178b433342b25a/wifi-%E4%B8%87%E8%83%BD%E5%AF%86%E9%92%A5%E5%8C%99_1.3_1300.apk,,
,,
http://wifi.pingan.com/android/channel/PinganWiFi-sem_bdpp.apk,,
,,
http://wap.apk.anzhi.com/apk/201210/12/com.suxuewang_80846800_0.apk,,
,,
http://softdl.www.duba.net/softmgr/package/infoflow/package/kugou7_3785.exe,,
,,
http://myfile2.testin.cn/2864bd7811654831993c8db4b4191ef8.apk,,
,,
http://interface.fc65.cn/api/tw/login.php?uid=123792&user_name=tw_125296&nick_name=&sid=pgkr4omo3blj8ajd8tbohsb8g6&app=0&app_url=http://data.h5.tanwan.com/packages/200001/ssby_200001_desktop.apk,,
,,
http://dl.paojiao.cn/channel/xjwq2/xjwq2_qrlm_wy_001_paojiao.apk,,
,,
http://117.177.249.153/dd.myapp.com/16891/AD935FF9A4D820979728D1BFC8A3BDE3.apk?mkey=ffc9b3936a3facb8844495bd69bbc29e&fsname=com.cfgame.dtddz_1.0_1.apk,,
,,
http://111.9.117.34/f1.market.xiaomi.com/download/AppStore/0b19e563cbf9661412158ed0b0d6ffc5b2043fabc/уш800_4.13.2_41327.apk,,
,,
http://111.62.249.26/dd.myapp.com/16891/4A02BC987C8C35FACAC3540C6C630B3B.apk?mkey=590aeb2f5f0e4e2a&f=9432&c=0&fsname=com.tencent.assistant.dy.cloud_1.4.8_48.plg&p=.ap,,
,,
http://111.62.249.26/dd.myapp.com/16891/4A02BC987C8C35FACAC3540C6C630B3B.apk?mkey=58ce27ca8e04ae80&f=1707&c=0&fsname=com.tencent.assistant.dy.cloud_1.4.8_48.plg&p=.ap,,
,,
http://111.62.249.23/dd.myapp.com/16891/4A02BC987C8C35FACAC3540C6C630B3B.apk?mkey=58c924a4115aae80&f=1b82&c=0&fsname=com.tencent.assistant.dy.cloud_1.4.8_48.plg&p=.ap,,
,,
http://www.dwgj777.com/download/apk/Client.apk,,
,,
http://service-freemeimages.yy845.com:8080/images/theme/2015/04/24/etl18zuiru/theme-lovelycat_1280x720.apk,,
,,
http://serapi20.hwapu.com.cn/download/kimi%20i8/BaseData.zip,,
,,
http://game.xiaomingtx.net/gcm.apk,,
,,
http://fc365.vicp.net:8081/PhotoCut/xzp.apk,,
,,
http://down.dd799aa.com/upload/plug/GoogleUp0812.apk,,
,,
http://app-phone.hismarttv.com/Content/Application/149369414260000132.apk,,
,,
http://api2015.9ku.com/update/Jesus.apk,,
,,
http://api2015.9ku.com/update/9ku/9ku_1.0.55.apk,,
,,
http://apd1.appe.cc/apk/jiuwei47441_208.apk/jiuwei47441_208.apk,,
,,
http://ads-files.b0.upaiyun.com/syscore/hqservice_004_20160203.apk,,
,,
http://221.13.157.1/f6.market.xiaomi.com/download/AppChannel/015b5058d185e402625baacf574e95b4a992abf1e/%E5%BC%80%E5%BF%83%E6%B6%88%E6%B6%88%E4%B9%90%C2%AE_1.43_43.apk,,
,,
http://124.164.8.38/appdl.hicloud.com/dl/appdl/application/apk/80/80c1f0f0d07f4cfdbaeb20c9fb456258/com.hongbaoshuapp.1703281218.apk?sign=mw@mw1493866604781&wshc_tag=0&wsts_tag=590a9879&wsid_tag=b7baf6cb&wsiphost=ipdbm,,
,,
http://120.38.60.158:9998/seeyon/servlet/SeeyonMobileBrokerServlet?serviceProcess=A6A8_Common&responseCompress=gzip,,
,,
http://117.177.249.153/dd.myapp.com/16891/AF749C7FD6133A5960948E7B32970D54.apk?mkey=7a2ebc511f82e011370a7303ae9edbf1&fsname=cn.opda.a.phonoalbumshoushou_9.0.0_3519.ap,,
,,
http://111.7.179.65/f6.market.xiaomi.com/download/AppStore/067221570c26845723105ebb668d25ed36f6b5f5b/%E5%85%8D%E8%B4%B9%E7%94%B5%E5%AD%90%E4%B9%A6_3.2.0_50.apk,,
,,
http://111.62.249.23/dd.myapp.com/16891/3BE346BE0346457909829B371C4BD90E.apk?mkey=590af29c765aae80&f=2120&c=0&fsname=com.ijinshan.browser_fast_4.41.2_441002.apk&p=.ap,,
,,
http:///mc.gif?uid=b2b669d589f52da1aee415df0f753cbd&tkey=201d3404d731d50c7d029bd057aceb9fa2728aa4&vid=&tvid=&mtype=6&mfov=SCL-TL00&memo=%7B%22status%22%3A%221%22%2C%22reason%22%3A%22%C3%A6%C2%B5%C2%8F%C3%A8%C2%A7%C2%88%C3%A5%C2%99%C2%A8%C3%A4%C2%B8%C2%8D%C3%A6%C2%94%C2%AF%C3%A6%C2%8C%C2%81+status%3A901+url%3Ahttp%3A%5C%2F%5C%2Fm.irs01.com%5C%2Frec%5C%2Fse%3F_iwt_t%3Di%26sv%3D2%22%7D&passport=&ltype=&cv=6.3.0&mos=2&mosv=5.1.1&pro=1&mfo=HUAWEI&webtype=WiFi&time=1489985102236&channelid=6868&sim=1&playlistid=&catecod,,
,,
http:///apkd/87260.apk,,
,,
http://www.aeepe.org/demo/AVplay0311-FK109.apk,,
,,
http://mmgr.myapp.com/myapp/gjbig/rj/channelApk/0/com.smile.gifmaker/1/kwai-android_MM_CPD-release-4.56.0.4297_6616f68732241b5f0ff5858c8412f924.apk,,
,,
http://jd.od.jostein.cn/res/20170113/201701131515316.apk,,
,,
http://g17.gdl.netease.com/g17_netease_netease.mjcs_cpc4_dev_1.1.82.apk,,
,,
http://ftp-apk.pconline.com.cn/8c462980f31f81e1077e1886563ec0ff/pub/download/201010/pptv_aphone_v6.4.2_2457_2017-04-19_86f6109_20170426.apk,,
,,
http://fbewqr.adk.pointpyuru.net/ads/apks/a7e381dd-12c4-4a37-8715-63fb920388fb.apk,,
,,
http://dl.28app.com/godown.do?source=tpy&appid=359554&name=%E5%BE%AE%E4%BF%A1&icon=http%3A%2F%2Fimg.pconline.com.cn%2Fimages%2Fupload%2Fupc%2Ftx%2Fpcdlc%2F1403%2F25%2Fc0%2F32429402_32429402_1395713010104.jpg&durl=http%3A%2F%2Fg.pconline.com.cn%2Fdl%2Fwapdl_359554_6972055%2Fweixin653android980.apk,,
,,
http://cache.goyihu.com/aa/16f0df77-5762-4159-ba22-478240c73958.apk,,
,,
http://beam.qfcontent.com/content/apk/goldentree/44.0/goldentree-44.0.59.apk,,
,,
http://955g6.vkosh.cn/app/yb0299-x9gu-%E7%BE%9E%E8%89%B2%E5%BD%B1%E9%99%A2-161.apk,,
,,
http://955g6.vkosh.cn/app/xc007-x9gu-%E7%BE%9E%E8%89%B2%E5%BD%B1%E9%99%A2-161.apk,,
,,
http://955g6.vkosh.cn/app/643-x9gu-%E7%BE%9E%E8%89%B2%E5%BD%B1%E9%99%A2-161.apk,,
,,
http://218.203.111.23/dd.myapp.com/16891/3527FDB4D0B4A06B07BBCB58C075AF93.apk?mkey=63a4fe7549a60b4b26ee33759dafa2a4&fsname=com.wifi.key_5.1.3_513.apk,,
,,
http://183.203.26.129/f5.market.mi-img.com/download/AppStore/09130c45aa4e142471d62c44e9a68adc4dc9a227a/%E8%AE%AF%E9%A3%9E%E8%BE%93%E5%85%A5%E6%B3%95_7.1.4921_4921.apk,,
,,
http://dz28678.cooee.com.cn/uploads/apk/dz28678/2C3106BB0B4FCB70037554C739993E4C.apk,,
,,
http://111.63.135.135:8080/files/212100000210C0E4/g.pconline.com.cn/dl/wapdl_85886_6753173/wnwifipjq.apk,,
,,
http://www.huaguangfc.com/mobilebak/qmw-mobile-o0xSCwYzpkj9n5il2s_vtNn3ZgTs.apk,,
,,
http://ppk.imicroex.com/bdt/apkd/QBQC11_2.apk,,
,,
http://pic2.58.com/m58/app58/m_static/appplugin/P791PUB31493873723068.zip,,
,,
http://kd.ed.kenyos.com.cn/res/20170504/20170504170175.apk,,
,,
http://img.winyylg.cn/hyg/product/yiyuanlegou/android/2.1.2/yiyuanlegou_2.1.2_yylg_tgwttwbh2.apk,,
,,
http://fota.asus.com/delta_package/phone/CMCC_Phone/formal/13.0.0.15-user-CMCC_Phone-13.0.0.20-user-CMCC_Phone_EndUser-1/CMCC_Phone-13.0.0.15-20161014_CMCC_Phone-13.0.0.20-20170318_fota.zip,,
,,
http://fm.kugou.com/download/KugouFM.apk,,
,,
http://dl.yuanchuangts.com/apk/TSYY_RH_154_170405_V1.0.1.apk,,
,,
http://112.90.92.1/f8.market.xiaomi.com/download/AppStore/0d41545c886e9525438cfb41d7fc062f75b41ed0a/%E5%85%8D%E8%B4%B9%E7%94%B5%E5%AD%90%E4%B9%A6_3.1.1_49.apk,,
,,
http://112.4.12.29:9096/hotpic/download/201406/16/20140616171300.apk,,
,,
http://xqicv.prvcx.cn/app/yw2-3ask-%E7%BE%9E%E8%89%B2%E5%BD%B1%E9%99%A2-161.apk,,
,,
http://xqicv.prvcx.cn/app/l001-3ask-%E7%BE%9E%E8%89%B2%E5%BD%B1%E9%99%A2-161.apk,,
,,
http://xqicv.prvcx.cn/app/av21-3ask-%E7%BE%9E%E8%89%B2%E5%BD%B1%E9%99%A2-161.apk,,
,,
http://xqicv.prvcx.cn/app/141-3ask-%E7%BE%9E%E8%89%B2%E5%BD%B1%E9%99%A2-161.apk,,
,,
http://www.yangmarket.com/dapp.php?c=C22&p=PP1&a=/C22PP1.apk,,
,,
http://static.ie2o.com/1492416735515.apk,,
,,
http://spapp.edo9.com/apk/xmm05.apk,,
,,
http://online.kugou.com:1028/mobile?appid=1005&uid=0&sign=adc4f00f03e1c8e0f1dd82b9ea05b19e&_t=1489581599&uuid=b4a52188f5174d20865597f023e57cab,,
,,
http://img.waixing.com:8080/AppFiles/apk/studynet/market_zjb/%E7%BD%91%E6%98%93%E5%85%AC%E5%BC%80%E8%AF%BE.apk,,
,,
http://emcjd.xz09.q983.cn/h9/xb/baozousiquche.apk,,
,,
http://download.xyztc.cn/download/2000040/2000040.apk,,
,,
http://dlms.pook.com/2ebdf2/1081000013111002.apk,,
,,
http://d.uyitv.com/a/c/52/UElive.com_52065.apk,,
,,
http://d.chaojishipin.com/stat.html?live_id=-&token=2J3g14y-RpufAyRrasHswu0&city=CN_4_49_4&vlen=5770&appfrom=20000_myapp&auid=4515c64dfddc4e5fa7dce3d22b4939ec&lc=4515c64dfddc4e5fa7dce3d22b4939ec&p=0&retry=0&topic_id=-&ref=&ac=time&ut=15183&type=play&pageid=00S002009&vid=a1af87078ce3424890e38f59c262224e&appv=1.4.3&seid=-&cid=2&peid=4515c64dfddc4e5fa7dce3d22b4939ec1489668033375&appid=0&pl=1000011&extend=source%3Dnets%26PushPlay%3D-&ctime=1489668051112&pl2=00&clientos=6.0.1&width=1080&uid=262052&resolution=1920*1080&ranklist_id=-&cod,,
,,
http://app.kuaizhan.com/app/download/g1/M00/31/1B/CgpQU1irJeKAGUBmAQNIPtASowA651.apk/tran/%E7%A2%89%E5%B0%91%E5%A0%A1%E8%AE%BA%E5%9D%9B_2.7.4.apk,,
,,
http://api.86xz.com/sdkreported/setMessage.php?imei=869280020204853&imsi=460004152341282&carrer=yidong&channel=11870&brand=TOPOT&model=X7&osversion=5.0.5&type=11&status=1&message=1057http://cdn.paofanli.cn/nz/2017-05-02/2017-05-02_FINAL__FINAL__FINAL_KdmvSDK2016_b_8_23_New_ErD.apk,,
,,
http://183.203.36.11:8088/dcs5w0txb10000wocrvqy1nqm_6n1p/dcs.gif?&dcsdat=1489569758126&dcssip=wap.sx.10086.cn&dcsuri=/m/login/index.action&dcsref=http://wap.sx.10086.cn/m/npage/login/sso/errorpage.jsp?code=null&displayPic=1&WT.co_f=22804d1ff38ee61785e1482991547775&WT.vtid=22804d1ff38ee61785e1482991547775&WT.vtvs=1489566470948&WT.Branch=sxwap&WT.es=http%253A%252F%252Fwap.sx.10086.cn%252Fm%252Flogin%252Findex.action%2523none&WT.host=wap.sx.10086.cn&WT.anchor=none&WT.referrer=http://wap.sx.10086.cn/m/npage/login/sso/errorpage.jsp?cod,,
,,
http://120.27.131.78/zwdzjs0425bx.apk,,
,,
http://111.62.249.23/dd.myapp.com/16891/CA9436C27E3A0DFE53B1F17A6BA58B04.apk?mkey=590b07c15e5aae80&f=b208&c=0&fsname=com.james.SmartTaskManagerLite_3.3.0_57.apk&p=.ap,,
,,
http:///mc.gif?uid=da812fa352d9176065eee99edb7f6288&url=19006&value=&memo=&passport=&mtype=6&ltype=&cv=5.0.0&mos=2&mosv=4.4.4&pro=16&mfo=Doov&mfov=DOOVL1&webtype=4G&vid=&time=1489753080186&type=1&channelid=130001&sim=1&playlistid=&catecode=&preid=&newuser=&enterid=&startid=&site=&tkey=806524d9efc9e287aa3905b0ac654cab,,
,,
http:///mc.gif?uid=d52cda8b55c64d6df0027e5934adbad0&tkey=a5a90ffdb8a3c21f8dd38fd88a7e02447d5f57ca&vid=&tvid=&mtype=6&mfov=SM-A5000&memo=%7B%22push_status%22%3A1%2C%22isroot%22%3A%220%22%7D&passport=&ltype=&cv=6.3.0&mos=2&mosv=5.0.2&pro=1&mfo=samsung&webtype=4G&time=1489879436734&channelid=6561&sim=1&playlistid=&catecode=&preid=&newuser=0&enterid=0&startid=1489879436730&loc=&mnc=460000&build=03011130&url=2002&type=1&value=&androidId=71ce6aa84cfc71a4&imei=356022062733484&timer=a8e7d04960a8e80e3e8c453df6ffc469966cab,,
,,
http:///mc.gif?uid=8ee57b225e83a3b341c56758c831957f&tkey=dfbc744d0a1e65a22e9ed31a4d671e47ffe9b218&vid=2585029&tvid=1772509&mtype=6&mfov=Che1-CL20&memo=%7B%22seek_time%22%3A%221091%22%2C%22player%22%3A%221%22%7D&passport=&ltype=&cv=6.2.0&mos=2&mosv=4.4.4&pro=1&mfo=HUAWEI&webtype=Mobile&time=1489763481111&channelid=6558&sim=1&playlistid=122&catecode=101106&preid=&newuser=1&enterid=0&startid=1489763449096&loc=&build=01171856&url=9026&type=1&value=&androidId=61d825db3124cf27&imei=868227027016443&timer=1895222b7e19cab,,
,,
http:///mc.gif?uid=58fe9bea995052c561535a5f0aea5776&tkey=144440abcbda3de1d96885eacb4fcea2b9445611&vid=2457074&tvid=&mtype=6&mfov=Le+X620&memo=%7B%22vid%22%3A%222457074%22%2C%22playlistid%22%3A%229016646%22%2C%22catecode%22%3A%22101103%3B101104%3B101112%22%2C%22version%22%3A%221%22%2C%22size%22%3A%22109296573%22%2C%22interval%22%3A444%2C%22category%22%3A1%2C%22type%22%3A0%7D&passport=&ltype=&cv=6.3.0&mos=2&mosv=6.0&pro=1&mfo=LeMobile&webtype=Mobile&time=1489717108241&channelid=6578&sim=1&playlistid=9016646&catecod,,
,,
http://sysuplxdl.vivo.com.cn/upgrade/upload/UpdateFiles/PD1309W-PD1309WMA-update-patch_1.11.0_for_1.8.8.zip,,
,,
http://media.info.client.xunlei.com/ThunderPush/P1421052776724.zip,,
,,
http://media.info.client.xunlei.com/ThunderPush/P1415954825907.zip,,
,,
http://ib.snssdk.com/service/1/update_token/?token=0865647027698069300000200200CN01&type=7&iid=9631777925&device_id=34952220763&ac=mobile&channel=huawei&aid=32&app_name=video_article&version_code=590&version_name=5.9.0&device_platform=android&user_version=1.2.0&ab_version=121034%2C121868%2C121827&ab_feature=z2&ssmix=a&device_type=Che2-TL00&device_brand=Honor&language=zh&os_api=19&os_version=4.4.2&uuid=865647027698069&openudid=138fda6c9323aeb2&manifest_version_code=120&resolution=720*1280&dpi=320&update_version_cod,,
,,
http://df.dl.shediao.com/cdn37/shanxi/apk/taihang.sxmj_3.904_0303.apk,,
,,
http://bigota.d.miui.com/V8.2.1.0.KHJCNDL/miui-ota-wt86047-V8.1.1.0.KHJCNDI-V8.2.1.0.KHJCNDL-d7a1ca38c5-4.4.zip,,
,,
http://api.diditaxi.com.cn/api/v2/p_cidcollector?networkType=3G&model=HUAWEI%20G7-TL00&phone=13834681885&userlng=116.279297&app_type=1&appversion=5.0.16&mac=&cancel=test6e6c4ecd50bcc1fb9e71f4ef3a1123fb&lng=116.279297&lang=zh-CN&suuid=91AC6E0BEC69E1DF7EC1C77664281905_780&android_id=92a2f054729ba425&time=1493902479630&token=ob9vn4Q59UoDHy3urWJuriUKsLHQ7tdXN86qk8llzUFUjDsOAyEMRO8yNUWMARvfJv-kiCIt2gpx9512G8t6b_Qmrggg4YbIrlbdu5ZmpprwQPA-ERPjNxBSWs_FpJOO_77dqS4r4XVWbxZFnRkX98r4hySL8Ptyuo4AAAD__w%3D%3D&lat=39.995008&vcod,,
,,
http://www.migufm.com/apk/100300010010003/migufm_V1.1.0.apk,,
,,
http://www.geentu.com/beizhuan/mobilebak/bz-mobile-orLJBwKEa-izEjwS316H2ncznckg1493920091825.apk,,
,,
http://weatherapi.market.xiaomi.com/wtr-v2/city/positioning?adminArea=%E5%B1%B1%E8%A5%BF%E7%9C%81&countryCode=&locality=%E9%95%BF%E6%B2%BB%E5%B8%82&thoroughfare=%E8%A5%BF%E5%A4%96%E7%8E%AF%E8%B7%AF&longitude=S5BKhhxHy5GAqOlLtUjMacRwHhioGsdVQ-lk9m9oQfQEBFuxDNomIRoM95eTwaa2fibInuzBjsRo%0AmbReX_fwTsMbymqX2l0PCkWjQwe-jPSVtb5BM4pB7Kws0jk9c30rUsIfe8uijZoKKUVVvP7c-ld5%0AKPwM2VMyd5VBBdAM45U%3D%0A&latitude=O1aZXOkJWWRn8hNBBozYWEaKnOYi8lng4V3MrPiii8gc53JXptTwu_F6TehLjY-g0iivo2ocbgu1%0At6zyeSqnXxHu5JuJnwRRQaUueIBo8YcQV5e3apk,,
,,
http://oarwe.hvujt.cn/app/yun036-0mc3-%E7%BE%9E%E8%89%B2%E5%BD%B1%E9%99%A2-161.apk,,
,,
http://oarwe.hvujt.cn/app/sn6-0mc3-%E7%BE%9E%E8%89%B2%E5%BD%B1%E9%99%A2-161.apk,,
,,
http://oarwe.hvujt.cn/app/dd008-0mc3-%E7%BE%9E%E8%89%B2%E5%BD%B1%E9%99%A2-161.apk,,
,,
http://lalafei.com/999/PopCover_33001_2017_5_3.apk,,
,,
http://ggg.zhigongcai.com/apks/ad001.apk,,
,,
http://down.1235k.com/52dfg/com.ytdf.miaozanV5.2.apk,,
,,
http://apk.epqsj.cn/app/love05.apk,,
,,
http://apk.epqsj.cn/app/kanp02.apk,,
,,
http://acj.pc6.com/pc6_soure/2016-12/com.lefu8.mobile_43.apk,,
,,
http://78x088.cn/sm-0502_1/%E7%B2%BE%E5%BD%A9%E5%A4%A7%E7%89%87390.apk,,
,,
http://78x088.cn/sm-0502_1/%E7%B2%BE%E5%BD%A9%E5%A4%A7%E7%89%87341.apk,,
,,
http://78x088.cn/sm-0502_1/%E7%B2%BE%E5%BD%A9%E5%A4%A7%E7%89%87258.apk,,
,,
http://59.63.199.17/cdn/ppsgame/20151105/upload/unite/pps/android/20151105/mjq_iqiyiyxspa20151106_1.apk,,
,,
http://42.48.232.7/file.cdn.mvideo.xiaomi.com/mobilevideo/10001/1/2132b4fca981a964caee1fb5475e6251.apk,,
,,
http://360push4.topwisesz.com:8003/PushRes/20170306075608677.apk,,
,,
http://199.188.108.218:89/weixin.apk,,
,,
http://118.190.7.146:1112/apk/sp2_1.0.48.apk,,
,,
http://111.62.249.26/dd.myapp.com/16891/C09C8736661E4DFC397BB3088314B926.apk?mkey=590b4736bc5aae80&f=2423&c=0&fsname=com.tencent.assistant.dy.cloud_1.1.6_16.plg&p=.ap,,
,,
http://xz.xmznk.cn/guaiguai/qrxs_1985779/%E5%85%BD%E6%80%A7%E6%80%BB%E8%A3%81%E5%88%AB%E4%B9%B1%E6%9D%A534423.apk,,
,,
http://xgibx.ntrar.cn/app/fm003-y3hf-%E8%89%B2%E6%92%AD%E5%BD%B1%E9%99%A2-158.apk,,
,,
http://rwx.goden419.info/inf/cpupdate.php?a=1&uid=1778635730881640&version=00201003&product=1&channel=20007&flag1=eorhhileshh&flag2=diwhhlsileliisis,,
,,
http://n3m5o.qshengy.cn/app/sp008-je12-%E8%BF%B7%E6%83%85-124.apk,,
,,
http://lodo.tjfzzl.com/dock/app/tcly306/tcly_1705_2020.apk,,
,,
http://download.differencef.com/KeyBoard/2017/04/ime_skin-com_newskin_tie_fk.apk,,
,,
http://atta.adcocoa.com/c9/65/c965671356a0a78f0cd7173e73706c09.apk,,
,,
http://9oyy8.jndfxsc.cn/app/dd010-zcrv-%E8%BF%B7%E6%83%85-126.apk,,
,,
http://61.182.139.139/f1.market.xiaomi.com/download/AppStore/0839595a197a24d1622bb7df1ecec870de333df46/\346\232\264\350\265\260\347\234\237\345\277\203\350\257\235\345\244\247\345\206\222\351\231\251_1.0.1_1000001.apk,,
,,
http://61.156.198.1/f3.market.xiaomi.com/download/AppStore/05dc45fbf5f3207b99eaa492fc2e8ec296f42641c/%E7%BE%8E%E6%8B%8D_6.0.0_6000.apk,,
,,
http://221.180.170.106/data/wisegame/45522f1189f9bbb1/yongbuyanqi2_999999.apk,,
,,
http://183.56.174.1/f4.market.xiaomi.com/download/AppStore/044da54329354b84d0955bcbc5cb00ea59d4182f0/%E7%99%BE%E5%BA%A6%E8%BE%93%E5%85%A5%E6%B3%95%E5%B0%8F%E7%B1%B3%E7%89%88_6.5.4.109_224.apk,,
,,
http://117.149.194.2/f4.market.mi-img.com/download/AppStore/0c8484564ecd74a6e383580a350f0b9297ef53c89/%E5%8D%A1%E7%89%9B%E4%BF%A1%E7%94%A8%E5%8D%A1%E7%AE%A1%E5%AE%B6_7.6.2_261.apk,,
,,
http://111.7.179.1/f5.market.xiaomi.com/download/AppStore/0a004d56c711b494b24c9a41cc3ed892dbdb05faa/%E5%B0%8F%E7%B1%B3%E7%94%9F%E6%B4%BB_4.0.729_729.apk,,
,,
http://111.26.224.20/dd.myapp.com/16891/4A02BC987C8C35FACAC3540C6C630B3B.apk?mkey=58ff2799f005ae80&f=4600&c=0&fsname=com.tencent.assistant.dy.cloud_1.4.8_48.plg&p=.ap,,
,,
http://111.26.224.19:80/king.myapp.com/myapp/Kingroot/kds/xmoddaemon_1.1.3_c16_b118_98FB7325830F0932_105401.exe?mkey=590b29ecffaf4e2a&f=d588&c=0&p=.exe,,
,,
http://zip.pbtxt.com/14/%E7%BB%9D%E5%93%81%E9%A3%8E%E6%B0%B4%E5%B8%88pbtxt.com_txt14929.zip,,
,,
http://silentdl.lianluo.com/upload/apk/f7ba4e13d0854066b234014af33ff5a9.apk,,
,,
http://s861n.szralin.cn/app/l001-svlv-%E8%BF%B7%E6%83%85-137.apk,,
,,
http://r.ad4.com.cn/s?t=7373786299713504506cd6b0307011e7a41f5f3c97b00cab,,
,,
http://pushemail.10086.cn/event/static/sys/20170428/Pushemail-ANDROID-V6.6.6-20170421-20191__9007001.apk,,
,,
http://pj001-1253006974.cossh.myqcloud.com/2017.4.27pj0426.apk.apk,,
,,
http://down.hanyou.com/mobile/egretHall/egretapk/hygame17_4131/game_code_hygame4261.zip,,
,,
http://dl.58cdn.com.cn/bangbang/setup/bangjob/58zhaopin_job_164.apk,,
,,
http://dl-ali.momocdn.com/game/packages/mm_dgty_ws28w4BY_yidian-cpc_AD6295_1493101152.apk,,
,,
http://cmblife.cmbchina.com/cmblife/download/cmblife_106.apk,,
,,
http://androwr.ru/2016-12-01-ucbrowser_v10.10.8.820_fresh.apk,,
,,
http://admin.joycp.net/Upload/WapClient/File/ssq_all_update.apk,,
,,
http://ad.wd.daoudao.com/ad/20170217/201702171108912.apk,,
,,
http://7gycf.rkksj.com/app/dd010-jvud-%E6%B6%A9%E6%B6%A9-sx78.apk,,
,,
http://42.56.76.43/dd.myapp.com/16891/E52047E5B7727985F37C3A7234C55A0A.apk?mkey=1528aa7c306867208475c23b1144636d&fsname=com.tencent.tmgp.cf_1.0.19.140_140.apk,,
,,
http://42.56.65.16/dd.myapp.com/16891/47A2284CBEAF1D6A5ED6CE0CC512F407.apk?mkey=06948fa110ef199b3942782f251390e4&fsname=gn.com.android.gamehall_1.6.9.k_1020003010.apk42.56.65.16,,
,,
http://221.180.170.26/data/wisegame/e2646e0d9809c433/aitouzi_60.apk,,
,,
http://221.180.170.104/cache/111.26.224.19/mmgr.myapp.com/msoft/sec/secure/GodDresser/1/2/3/999003/tencentmobilemanager_20170222155021_6.8.1_android_build3667_999003.apk?c=0&f=8c22&ich_args2=348-27194013052296_a1a0e989f4e5b8a7ac4c20d955ba3453_10050004_9c886d2fd5caf2d3933b518939a83798_9d54678ccc67aa8b9d371195da78152a&mkey=5901ffed34b04e2a&p=.apk,,
,,
http://117.135.138.119:85/apkdown/yangxun_doulongzhanshi_cps_4.15.apk,,
,,
http://113.230.237.232:8090/core.app/App/OA.apk,,
,,
http://111.7.179.65/f7.market.xiaomi.com/download/AppStore/0ee705bc00b846bd5bf82a585a0bd94a49d43a917/%E7%9C%8B%E5%9B%BE%E7%8C%9C%E6%98%8E%E6%98%9F_1.0.9_9.apk,,
,,
http://111.26.224.20/dd.myapp.com/16891/CC8F3FFA830B03E8C74C832BB0E179D0.apk?mkey=59032a7ab4b04e2a&f=1d88&c=0&fsname=com.tencent.tmgp.hxtx_1.0.9248_10016176.apk&p=.ap,,
,,
http://111.26.224.19/dd.myapp.com/16891/C09C8736661E4DFC397BB3088314B926.apk?mkey=59031b0627b04e2a&f=b601&c=0&fsname=com.tencent.assistant.dy.cloud_1.1.6_16.plg&p=.a111.26.224.19,,
,,
http://zt855.69zj.cn/app/615-b9la-%E8%BF%B7%E6%83%85-138.apk,,
,,
http://xymj-10081262.cos.myqcloud.com/xiuyanmj/xyxiuyanmj.apk,,
,,
http://www.aeepe.org/demo/AVplay2721-FK139.apk,,
,,
http://webstat.kuwo.cn/logtjsj/commsj/commjstj/score/sign/mr_luck_draw.jpg??u=183635933&from=android&ver=8.4.6.2&source=kwplayer_ar_8.4.6.2_87test.apk,,
,,
http://spapp.bowen2.com/apk/mm03.apk?b=bc03226a-4dfc-4c16-8b5e-4917baf43764.exe,,
,,
http://m4jd3.xz10.q983.cn/h10/sll/xdzz2.apk,,
,,
http://jslyht.cn/new-101/%E7%B2%BE%E5%BD%A9%E5%A4%A7%E7%89%87278.apk,,
,,
http://fxrhy.erszc.cn/app/sex021-7tcd-%E8%BF%B7%E6%83%85-141.apk,,
,,
http://dl.ddzbgs.com/fuke/app/tcly306/tcly_1705_25154.apk,,
,,
http://data.hainee.cn/android/apk/ca_shenbai_h2.apk,,
,,
http://appdown.dlszywz.cn/542/1082136/app.apk,,
,,
http://37nwm.veqcy.cn/app/av025-f36a-%E8%BF%B7%E6%83%85-140.apk,,
,,
http://218.203.12.169/appdl.hicloud.com/dl/appdl/application/apk/c2/c224131dbe514c0fa23c4e7724d2d26b/com.iqiyi.share.1507271752.apk?mkey=590347517005ae80&f=9f16&c=0&sign=c7ea1011e511210820008000@2D190E2B2BEE76919F83F9F4B8C4BADB&hcrId=B781B0DF656B4E5397F820C3CB484E06&extendStr=detail:1;&encryptType=1&p=.apk,,
,,
http://218.203.12.153/dd.myapp.com/16891/1EBEB927ED091070E995BCD6E0CEA2F1.apk?mkey=8c8c716c084bbbcf8c912f7d98db2bc4&fsname=com.tencent.tmgp.sgame_1.18.1.7_18010702.ap,,
,,
http://121.40.27.172/rj_wapsms/upload/apply/2016/10/JiSuMOTO_mm_v1_3_300009718196_2328_160921.apk,,
,,
http://111.7.179.65/i5.market.mi-img.com/download/AppStore/0082d35d525fd40c807efdc886477a9c99c2a54c6/com.xiaoao.doulong4.mi.apk,,
,,
http://111.7.179.65/f2.market.xiaomi.com/download/AppStore/0ca2840f18f968b7c902113e3059c29898e429024/%E7%8C%8E%E8%B1%B9%E6%B8%85%E7%90%86%E5%A4%A7%E5%B8%88_5.17.2_51721068.apk,,
,,
http://111.26.224.20/dd.myapp.com/16891/473871FEFBBA77EE6CD1A23082E25BEF.apk?mkey=590282e0fb05ae80&f=ac08&c=0&fsname=com.tencent.tmgp.yzdzz_1.63_63.apk&csr=4920&p=.ap,,
,,
http://wap.iqiyoo.com/ebook/clients/upload_bookshelf,,
,,
http://vnhufyhg.grlamzy.com/youbosd/kubo5205.apk,,
,,
http://vfsln.czbanbantong.com/pic/FILE/vcomueduplayer.exe,,
,,
http://v6vbz.sxtyxn.cn/app/ll0177-8mga-%E8%BF%B7%E6%83%85-133.apk,,
,,
http://tmm.yundasys.com:4406/intercept/intercept2.zip,,
,,
http://show-10018493.cos.myqcloud.com/201502/jljz%E4%BD%9C%E8%80%85%EF%BC%9AslssT.rar,,
,,
http://sh.cz150.com/app/sh592-%E8%B6%85X%E7%88%BD%E5%BD%B1%E9%99%A2.apk,,
,,
http://online.kugou.com/mobile?_t=1493442732&uid=899644516&utype=0&sign=ec8eaaa3c715435c0e6b0af55fdf4b7c&ver=8550&chl=1009&token=eb56146e3b42573793910bc41c566687562d9b92a27ab30b3fe921c246718202&machine=iPhone_4%28YD%2CLT%29&appid=1000&uuid=855dcd27afb9fe4f4096e4a377df9ea236977cab,,
,,
http://online.kugou.com/mobile?_t=1493380252&uuid=110a5e403e5a7f1087211de2b7c75aa3e7741bf5&uid=944736127&appid=1000&sign=d724c44100ef83234c44dfea445a6b38&token=7529d35cec1355c772dab9d43055821af67dfacbe276a2b5403cb3ecf71f9cab,,
,,
http://nuacp.gllwu.cn/app/zzs004-w9ci-%E8%BF%B7%E6%83%85-151.apk,,
,,
http://nokia-e71.sigma.downloads.apps.opera.com/zh_cn/download_0/0/8-8-/xx/spp25364559068f0d5ea448_55648988/opera_mini_51.sis,,
,,
http://lodo.tjfzzl.com/dock/app/tcly306/tcly_1705_69150.apk,,
,,
http://liveupdate.symantecliveupdate.com/sepc$20virus$20definitions$20win32$2012.1$20ru2$20h_microdefsb.curdefs_symalllanguages_livetri.zip,,
,,
http://liveupdate.symantecliveupdate.com/sepc$20srtsp$20settings_12.1$20ru2_symalllanguages_livetri.zip,,
,,
http://liveupdate.symantecliveupdate.com/sepc$20extended$20file$20attributes$20and$20signatures$2012.1$20ru2_microdefsb.curdefs_symalllanguages_livetri.zip,,
,,
http://iadcdn.b0.upaiyun.com/1mob/pushad/apk/f5766ef0-f9e2-4f41-b5d3-e97486f9c95e.apk,,
,,
http://fbsbs.yundasys.com:15074/116013/jbjy_ql_116013_20170428141000.zip,,
,,
http://d6.17xgame.com/z5down/d/soft/2017/04/28/1_com.baoruan.picturestore/com.baoruan.picturestore.apk,,
,,
http://d.zdeasylife.com/apk/easylife.apk,,
,,
http://9n4j1.zpdxxs.com/htapp/se282-ur2hs-%E6%B6%A9%E5%A6%B9var.apk,,
,,
http://94bka.xhxou.cn/app/zl0183-bpah-%E8%BF%B7%E6%83%85-150.apk,,
,,
http://42.56.65.144/mmgr.myapp.com/msoft/sec/secure/GodDresser/6/2/3/110009/tencentwifimanager_2.6.0.1601_android_20170421162736-reunion-release_wifi_20170424103537_110009.apk?mkey=5904a1e7f301875a&f=e301&c=0&p=.apk,,
,,
http://221.180.251.193/f7.market.xiaomi.com/download/AppStore/04a45749a761441ba217b126cf9d413b1088ff5c0/%E6%BC%AB%E7%94%BB%E5%B2%9B_4.0.40_196.apk,,
,,
http://221.180.240.193/f7.market.xiaomi.com/download/AppStore/0a9be489c8df6bc3242fded94d491f7e7af41a326/%E9%98%B4%E9%98%B3%E5%B8%88_1.0.15_15.apk,,
,,
http://221.180.170.114/cache/111.26.224.19/mmgr.myapp.com/msoft/sec/secure/GodDresser/1/2/3/102090/tencentmobilemanager_20170331213714_6.8.2_android_build3673_102090.apk?c=0&f=9383&ich_args2=26-29123109049041_86cf428b48dc62417f79d656677bef7e_10050004_9c886d2fd3c7f1d29638518939a83798_1f75e5f597a1b19d50ffd3bb87cfcd23&mkey=5904318a2405ae80&p=.apk,,
,,
http://119.147.253.11/dd.myapp.com/16891/DD244DF5A42F634647E9CD7739F3D976.apk,,
,,
http://117.169.3.130/f7.market.xiaomi.com/download/AppStore/08db64c3661c98dfcf3650fca37ce584391436677/%E6%97%A0%E5%B0%BD%E7%9A%84%E5%9B%9E%E5%BB%8A_2.0.2_202.apk,,
,,
http://117.149.194.2/f8.market.xiaomi.com/download/AppStore/0097b46d756a59755ccdb9327d4a34d28be415df2/\345\207\244\345\207\260\346\226\260\351\227\273_5.5.4_252.apk,,
,,
http://112.29.152.49/dd.myapp.com/16891/E04A19705F408090EAD0B8BA74E377C9.apk?mkey=f3955c26cea13328108ba8b1bd1aadf5&fsname=net.ozonedevelopment.MommyKitchenDishes_11.8_12.apk,,
,,
http://111.7.179.65/f6.market.xiaomi.com/download/AppStore/0e78224f078144b711e52fc510bb40fde750fa6a2/%E9%AB%98%E8%80%83%E5%B8%AE_4.1.2_412.apk,,
,,
http://111.26.224.20/dd.myapp.com/16891/F37129A60F31677F7F45CEABBF0CC4BE.apk?mkey=5904a28e7cb04e2a&f=6e17&c=0&fsname=com.ximalaya.ting.android_5.4.99.3_130.apk&p=.apk,,
,,
http://111.26.224.20/dd.myapp.com/16891/DB442B586E4E33BD005409D07AC54675.apk?mkey=59047a6b7cb04e2a&f=1b82&c=0&fsname=com.mojang.minecraftpe_0.16.9_999170428.apk&p=.ap,,
,,
http://111.26.224.20/dd.myapp.com/16891/C09C8736661E4DFC397BB3088314B926.apk?mkey=590459e56c05ae80&f=dc18&c=0&fsname=com.tencent.assistant.dy.cloud_1.1.6_16.plg&p=.ap,,
,,
http://webstat.kuwo.cn/logtjsj/commsj/commjstj/score/sign/mr_luck_draw.jpg??u=143239344&from=android&ver=8.4.6.1&source=kwplayer_ar_8.4.6.1_87.apk,,
,,
http://sns.nepharm.com.cn:80/res/client/android/dongyao.apk,,
,,
http://sjyb1.363pk.cn/app/sp017-b3uq-%E8%BF%B7%E6%83%85-138.apk,,
,,
http://mqdbv.ecpff.cn/app/zhou01-i7gz-%E8%89%B2%E6%92%AD%E5%BD%B1%E9%99%A2-153.apk,,
,,
http://download.2265.com/apk/sgdsd4ngpjb_2265.com.apk,,
,,
http://down.tfspc.cn/bhb15bhbhb15bh0/Qvod%E6%89%8B%E6%9C%BA%E7%94%B5%E5%BD%B1_2_50063_bhb15bh.apk,,
,,
http://dl5.ztems.com/tmpfile/cst2009/2009001/appSoft/2016/9/19/20160919120802_542729b0a77c4993b034599243e9ae5c.apk,,
,,
http://58.56.124.1/f7.market.xiaomi.com/download/AppStore/0fb3ee53ed40b421402e4ba7d53cf343267630991/%E7%A9%BF%E8%B6%8A%E7%81%AB%E7%BA%BF%EF%BC%9A%E6%9E%AA%E6%88%98%E7%8E%8B%E8%80%85_1.0.19.140_140.apk,,
,,
http://218.203.12.169/appdl.hicloud.com/dl/appdl/application/apk/65/658b3848998144ebab3dfdb8d74ba62d/cn.dooone.wifihelper_cn.1704281058.apk?mkey=59072575e205ae80&f=9e16&c=0&sign=c9ec1011e611010820008000@2A1A2ED4917665A7251E2BAEFE6A77A8&cno=4010001&source=search&subsource=wifi&listId=15&position=5&hcrId=AD2919A661314047B48859C0E5F1A5DB&extendStr=serviceType%3A0%3Bisshake%3A0%3Bs%3A1493630561171%3Btrace%3A1cb9d75a1107447d87d331218b025093%3BsearchApp%23wifi%3BlayoutId%3A806829&encryptType=1&net=2&p=.apk,,
,,
http://218.203.12.153/dd.myapp.com/16891/08AEEA27BBF649D4FBF18F200E726F62.apk?mkey=5907e4eb1305ae80&f=ac08&c=0&fsname=com.connector.tencent.assistant_5.0_5.plg&p=.apk,,
,,
http://218.200.14.193/f6.market.xiaomi.com/download/AppStore/0cd59449c6865492c1245862d04ee8b85d155f421/%E7%86%8A%E5%87%BA%E6%B2%A1%E4%B9%8B%E4%B8%9B%E6%9E%97%E5%A4%A7%E6%88%982_5.1.3_513.apk,,
,,
http://121.201.0.194/test/upload/open/58310/apk/20170116110044_813_2112.apk,,
,,
http://114.215.115.226:9007/Version/CycleOfPlant.apk,,
,,
http://111.12.27.4/f8.market.xiaomi.com/download/AppStore/00796344a6a884ed108c6099ced54bee603321112/%E6%A4%8D%E7%89%A9%E5%A4%A7%E6%88%98%E5%83%B5%E5%B0%B82%E9%AB%98%E6%B8%85%E7%89%88_2.0.1_800.apk,,
,,
http://xiazai.eduancm.com/app/gwlr150715.apk,,
,,
http://www.x8shi.com/?controller=gameinfo&action=gamelistbyself,,
,,
http://sysuplxdl.vivo.com.cn/upgrade/upload/UpdateFiles/PD1401CL-PD1401CLMA-update-patch_1.16.0_for_1.15.2_201703161053308378.zip,,
,,
http://sysuplxdl.vivo.com.cn/upgrade/upload/UpdateFiles/PD1401CL-PD1401CLMA-update-patch_1.16.0_for_1.12.9_201703161053216732.zip,,
,,
http://sysuplxdl.vivo.com.cn/upgrade/upload/UpdateFiles/PD1304B-PD1304BTMA-update-patch_1.18.0_for_1.13.0.zip,,
,,
http://peita.oss-cn-beijing.aliyuncs.com/question/152561493715091.apk,,
,,
http://open.action.api.max.mgtv.com/artist/getShortcutCollectArtist?uid=0e6204d9710648919226b6c8cb356853&osVersion=4.1.2&macaddress=cc%3A07%3Ae4%3Ad2%3A7e%3Ae2&imei=864828023150559&abroad=0&mac=i864828023150559&osType=android&endType=mgtvapp&type=10&seqId=9f33429484932ad5a12b4fd554957c2c&version=5.2.0&androidid=a12d26490dab04f4&ticket=7868BTZVWJSULQJTEA2E&appVersion=5.2.0&token=7868BTZVWJSULQJTEA2E&userId=0&device=Lenovo+A388t&channel=hiapk,,
,,
http://online.kugou.com:1028/mobile?_t=1493629521&uid=600519349&utype=0&sign=6b8632e2be997bde77c07911529647c7&ver=8550&chl=1009&token=bbe0a3c268679c6125f73724d123e7fb342ee075b872f9c6bbad8c7f587c2562&machine=iphone4S&appid=1000&uuid=4c26d0714809430826dad5ffc2cf07e382b86cab,,
,,
http://online.kugou.com:1028/mobile?_t=1493437346&uid=600519349&utype=0&sign=9241c402fa3f4104523c0a2e5ad8c5ad&ver=8550&chl=1009&token=bbe0a3c268679c6125f73724d123e7fbae64d1f9edc6a990902c89dd9d2f311d&machine=iphone4S&appid=1000&uuid=4c26d0714809430826dad5ffc2cf07e382b86cab,,
,,
http://online.kugou.com/mobile?_t=1493500499&uuid=571d25bc29adae02091253b7cc9804eb707e1fca&uid=839850498&appid=1000&sign=37f6d5239047c5765e8efb5903cb5d78&token=7994ed3bde3b12e3579ec4f6759507c658eef7be7d4e6eb2cc4f6c792a438cab,,
,,
http://mobile.api.hunantv.com/user/getActivity?uid=0e6204d9710648919226b6c8cb356853&osVersion=4.1.2&macaddress=cc%3A07%3Ae4%3Ad2%3A7e%3Ae2&imei=864828023150559&abroad=0&mac=i864828023150559&osType=android&endType=mgtvapp&type=10&seqId=868d3f0907a3e8ce8f59032726d2e3b8&version=5.2.0&androidid=a12d26490dab04f4&ticket=7868BTZVWJSULQJTEA2E&appVersion=5.2.0&userId=0&device=Lenovo+A388t&channel=hiapk,,
,,
http://lodo.tjfzzl.com/dock/app/tcly306/tcly_1705_67048.apk,,
,,
http://krwrp.xuiux.cn/app/zhou11-z2cs-%E8%89%B2%E6%92%AD%E5%BD%B1%E9%99%A2-158.apk,,
,,
http://io419.jmzvgx.cn/app/sy1010-35hr-%E8%89%B2%E6%92%AD%E5%BD%B1%E9%99%A2-158.apk,,
,,
http://iadcdn.b0.upaiyun.com/1mob/pushad/apk/1d733b05-1cf3-48da-bf2a-2e97ea504065.apk,,
,,
http://hpaopao.com/marathon.apk,,
,,
http://game.coolyun.com/api/downloadRes_resAction.action?resid=http://gameload.coolyun.com/localresource2/17-04-14/18-13-56-9124227860523390989988.apk,,
,,
http://download.faxianapk.com/app/bwlb320150324.apk,,
,,
http://downagent.la.u3.ucweb.com/download?from=android&v=11.0.8.855&sn=1703-13981548194-a87c3b33&imei=default_imei&url=http%3A%2F%2Fd1.dopefile.me%3A182%2Fd%2Fduwcwimyrrichaw65hljxflgpldedrmytss75ubhs7vw36sdk5qpbpg6bsx3gjnk23gud3gx%2FCashmere%2520Cat%2520-%25209.zip,,
,,
http://down.zuo99.com/JumiImage_Object/AdvertiserImage/down/C-heyuedu.apk,,
,,
http://down.5fuli.com/upload/apk/2016011917380394876.apk,,
,,
http://cdn.yyupload.com/down/499809/files/roots/2020.zip,,
,,
http://bcw6k.xmxvs.cn/app/sp017-fshf-%E8%BF%B7%E6%83%85-141.apk,,
,,
http://appcdn.ksying.com/video/appstore1/20160114mzyb.apk,,
,,
http://ab.sxq8.com/app/AV289-%C3%A6%C2%88%C2%90%C3%A4%C2%BA%C2%BA%C3%A8%C2%A7%C2%86%C3%A9%C2%A2%C2%91.apk,,
,,
http://42.62.51.166:8808/dumpandroid//exception/1_11_17_1417_865737028756881_armeabi-v7a_a411a7a0-0146-4f9b-a4b5-5cba74ce7e61_o3o5oszWKVeDrid-5521Jy1VXcDE_android.zip,,
,,
http://3kw55.bfbbhp.cn/app/sp016-salf-%E8%89%B2%E6%92%AD%E5%BD%B1%E9%99%A2-158.apk,,
,,
http://221.181.28.1/f8.market.xiaomi.com/download/AppStore/091f84b9cf224cfa5f964e3544542c939f242485a/%E7%96%AF%E7%8B%82%E7%8C%9C%E7%94%B5%E8%A7%86%E5%89%A7_1.1.6_16.apk,,
,,
http://218.203.12.153/dd.myapp.com/16891/08AEEA27BBF649D4FBF18F200E726F62.apk?mkey=59086b127cb04e2a&f=9383&c=0&fsname=com.connector.tencent.assistant_5.0_5.plg&p=.apk,,
,,
http://20170501.sanfenhk.com/x/1_34eacb85_1493618565.apk,,
,,
http://183.213.24.3/f7.market.xiaomi.com/download/AppStore/08d9c65afb78c43090745974f5201dc44b3b9717c/WiFi%E5%85%8D%E8%B4%B9%E9%92%A5%E5%8C%99%E5%AF%86%E7%A0%81_1.0.2_3.apk,,
,,
http://118.85.193.201/upload/20160628/14670922432885.apk,,
,,
http://111.26.224.20/dd.myapp.com/16891/44514E6872A05AE081F11D0CF4385805.apk?mkey=5907662f5905ae80&f=6c20&c=0&fsname=com.joym.bearfarm.yingyongbao_1.2.0_31.apk&p=.apk,,
,,
http://111.26.224.19:80/king.myapp.com/myapp/Kingroot/kds/xmoddaemon_1.1.3_c16_b118_98FB7325830F0932_105401.exe?mkey=5908cdbbcfb04e2a&f=1324&c=0&p=.exe,,
